-- MySQL dump 10.13  Distrib 8.0.41, for Linux (x86_64)
--
-- Host: localhost    Database: company_db
-- ------------------------------------------------------
-- Server version	8.0.41-0ubuntu0.22.04.1

/*!40101 SET @OLD_CHARACTER_SET_CLIENT=@@CHARACTER_SET_CLIENT */;
/*!40101 SET @OLD_CHARACTER_SET_RESULTS=@@CHARACTER_SET_RESULTS */;
/*!40101 SET @OLD_COLLATION_CONNECTION=@@COLLATION_CONNECTION */;
/*!50503 SET NAMES utf8mb4 */;
/*!40103 SET @OLD_TIME_ZONE=@@TIME_ZONE */;
/*!40103 SET TIME_ZONE='+00:00' */;
/*!40014 SET @OLD_UNIQUE_CHECKS=@@UNIQUE_CHECKS, UNIQUE_CHECKS=0 */;
/*!40014 SET @OLD_FOREIGN_KEY_CHECKS=@@FOREIGN_KEY_CHECKS, FOREIGN_KEY_CHECKS=0 */;
/*!40101 SET @OLD_SQL_MODE=@@SQL_MODE, SQL_MODE='NO_AUTO_VALUE_ON_ZERO' */;
/*!40111 SET @OLD_SQL_NOTES=@@SQL_NOTES, SQL_NOTES=0 */;

--
-- Table structure for table `companies`
--

DROP TABLE IF EXISTS `companies`;
/*!40101 SET @saved_cs_client     = @@character_set_client */;
/*!50503 SET character_set_client = utf8mb4 */;
CREATE TABLE `companies` (
  `id` int NOT NULL AUTO_INCREMENT,
  `company_name` varchar(255) NOT NULL,
  `business_type` varchar(255) NOT NULL,
  `industry` varchar(255) NOT NULL,
  `website` varchar(255) DEFAULT NULL,
  `presence_in_kenya` tinyint(1) DEFAULT '0',
  `presence_in_uganda` tinyint(1) DEFAULT '0',
  `presence_in_tanzania` tinyint(1) DEFAULT '0',
  `presence_in_rwanda` tinyint(1) DEFAULT '0',
  PRIMARY KEY (`id`)
) ENGINE=InnoDB AUTO_INCREMENT=113 DEFAULT CHARSET=utf8mb4 COLLATE=utf8mb4_0900_ai_ci;
/*!40101 SET character_set_client = @saved_cs_client */;

--
-- Dumping data for table `companies`
--

LOCK TABLES `companies` WRITE;
/*!40000 ALTER TABLE `companies` DISABLE KEYS */;
INSERT INTO `companies` VALUES (1,'Denri Africa','Private Limited Company','Bag ware / Retail','denriafricastores.com',1,1,1,0),(3,'Betran International Limited T/A Jazabet','Online Betting Platform','Gambling and Betting','www.bettinglegit.com',1,0,0,0),(9,'Jubilee Allianz General Insurance Company Limited','General Insurance Provider','Insurance and Financial Services','https://jubilee-allianz.com/ug.html',1,1,1,0),(13,'APA Insurance Limited','Private Limited Company','Insurance and Financial services','www.apainsurance.org',1,1,1,0),(14,'Britam Insurance Company Limited','Publicly Limited Company','Insurance and Financial services','www.britam.com',1,1,1,1),(15,'CIC General Insurance Limited','Publicly Limited Company','Insurance and Financial services','https://ke.cicinsurancegroup.com',1,1,0,0),(16,'Excel Insurance Company Limited','Private Limited Company','Insurance and Financial services','https://www.exico.co.ug',0,1,0,0),(17,'First Insurance Company Limited','Private Limited Company','Insurance and Financial services','https://www.fico.co.ug',0,1,0,0),(18,'GA Insurance Limited','Private Limited Company','Insurance and Financial services','https://www.gainsuranceltd.com',1,1,1,0),(19,'Goldstar Insurance Company Limited','Private Limited Company','Insurance and Financial services','https://goldstarinsurance.com/',0,1,0,0),(20,'ICEA Lion General Insurance Company Ltd','Private Limited Company','Insurance and Financial services','https://www.icealion.co.ke',1,1,1,0),(21,'Mayfair Insurance Company Limited','Private Limited Company','Insurance and Financial services','https://ke.mayfairinsurance.africa',1,1,1,1),(22,'MUA Insurance Limited','Private Limited Company','Insurance and Financial services','https://www.mua.co.ke',1,1,1,1),(23,'NIC General Insurance Company Limited','Private Limited Company','Insurance and Financial services','https://www.nic.co.ug',0,1,0,0),(24,'PAX Insurance Company Limited','Private Limited Company','Insurance and Financial services','https://www.paxinsurance.co.ug',0,1,0,0),(25,'Sanlam Group','Private Limited Company','Insurance and Financial services','https://www.sanlam.co.ke',1,1,1,1),(26,'Statewide Insurance Company Limited','Private Limited Company','Insurance and Financial services','https://swico.co.ug',0,1,0,0),(27,'Jubilee Allianz General Insurance Limited','Private Limited Company','Insurance and Financial services','https://jubilee-allianz.com',1,1,1,0),(28,'CIC Insurance Group','Publicly Limited Company','Insurance and Financial services','https://www.cicinsurancegroup.com',1,1,0,0),(29,'Selcom Microfinance Bank Tanzania Limited','Microfinance Banking','Financial Services','https://www.smfb.co.tz',0,0,1,0),(30,'VisionFund','Microfinance Banking','Financial Services','https://www.visionfund.org',1,1,1,1),(31,'FINCA International','Microfinance Banking','Financial Services','https://finca.org',0,1,1,0),(32,'Caritas Microfinance Bank Limited','Microfinance Banking','Financial Services','https://caritas-mfb.co.ke',1,0,0,0),(33,'Century Microfinance Bank Limited','Microfinance Banking','Financial Services','https://www.century.co.ke',1,0,0,0),(34,'Choice Microfinance Bank Limited','Microfinance Banking','Financial Services','https://choice-bank.com',1,0,0,0),(35,'Daraja Microfinance Bank Limited','Microfinance Banking','Financial Services','http://www.darajabank.co.ke',1,0,0,0),(36,'Faulu Microfinance Bank Limited','Microfinance Banking','Financial Services','https://www.faulukenya.com',1,0,0,0),(37,'Kenya Women Microfinance Bank','Microfinance Banking','Financial Services','https://kwftbank.com',1,0,0,0),(38,'Rafiki Microfinance Bank Limited','Microfinance Banking','Financial Services','https://www.rafikibank.co.ke',1,0,0,0),(39,'Key Microfinance Bank PLC','Microfinance Banking','Financial Services','https://www.lolckenya.co.ke',1,0,0,0),(40,'U & I Microfinance Bank Limited','Microfinance Banking','Financial Services','https://www.uni-microfinance.co.ke',1,0,0,0),(41,'SMEP Microfinance Bank Limited','Microfinance Banking','Financial Services','https://www.smep.co.ke',1,0,0,0),(42,'Sumac Microfinance Bank Limited','Microfinance Banking','Financial Services','https://sumacmicrofinancebank.co.ke',1,0,0,0),(43,'Uwezo Microfinance Bank Limited','Microfinance Banking','Financial Services','https://www.uwezomfbank.com',1,0,0,0),(44,'Muungano Microfinance Bank PLC','Microfinance Banking','Financial Services','https://www.muunganomfbank.co.ke',1,0,0,0),(45,'Airtel Mobile Commerce Limited','Mobile Financial Services Provider','Financial Services','https://www.airtel.co.ug',0,1,0,0),(46,'Micropay Uganda Limited','Mobile Financial Services Provider','Financial Services','https://micropay.co.ug',0,1,0,0),(47,'MCash Uganda Limited','Mobile Financial Services Provider','Financial Services','https://www.mcash.ug',0,1,0,0),(48,'AAR Healthcare Kenya Limited','Private Limited Company','Healthcare Services','https://www.aar-healthcare.com',1,1,1,0),(49,'AIC Kijabe Hospital','Non-profit organization','Healthcare Services','https://www.kijabehospital.org',1,0,0,0),(50,'Africa Healthcare Federation','Non-profit organization','Healthcare Services','https://khf.co.ke',1,1,1,0),(51,'Centre for Health Solutions (CHS)','Non-profit organization','Healthcare Services','https://chskenya.org',1,0,0,0),(52,'City Health Hospital','Private Limited Company','Healthcare Services','https://www.cityhealth.co.ke',1,0,0,0),(53,'Comfys Care','Private Limited Company','Healthcare Services','https://www.comfyscare.com',1,0,0,0),(54,'Guru Nanak Ramgarhia Sikh Hospital','Private Limited Company','Healthcare Services','https://gurunanakhospital.co.ke',1,0,0,0),(55,'Kerugoya Medical Centre (KMC)','Private Limited Company','Healthcare Services','https://kmc.co.ke',1,0,0,0),(56,'Medswipe Africa','Private Limited Company','Healthcare Services','https://medswipe.co.ke',1,0,0,0),(57,'Meridian Health Group Ltd','Private Limited Company','Healthcare Services','https://mhg.co.ke',1,0,0,0),(58,'Nutritech solutions LLC','Private Limited Company','Healthcare Services','http://www.nutrisolutions.org',1,0,0,0),(59,'Olivelink Healthcare','Private Limited Company','Healthcare Services','https://www.olivelink.co.ke',1,0,0,0),(60,'Premium Hospital','Private Limited Company','Healthcare Services','https://www.premierhospital.org',1,0,0,0),(61,'Tenwek Hospital','Private Limited Company','Healthcare Services','https://tenwekhosp.org',1,0,0,0),(62,'LifeCare Hospitals','Private Limited Company','Healthcare Services','https://lchafrica.com',1,0,0,0),(63,'HealthX Africa','Private Limited Company','Healthcare Services','https://www.healthxafrica.com',1,0,0,0),(64,'G4S','Private Limited Company','Logistics and Courier services','https://www.g4s.com',1,1,1,0),(65,'Leonary Logistics','Private Limited Company','Logistics and Courier services','https://leonary.co.ke',1,1,1,1),(66,'Wepesi Couriers & Logistics','Private Limited Company','Logistics and Courier services','https://wepesi.ke',1,0,0,0),(67,'Urban Cargo Networks','Private Limited Company','Logistics and Courier services','https://urbancargonetworks.com',1,0,0,0),(68,'Smartbox Courier','Private Limited Company','Logistics and Courier services','https://www.smartbox.co.ke',1,0,1,0),(69,'Codirect Courier','Private Limited Company','Logistics and Courier services','https://codirectcourier.com',1,0,1,0),(70,'Data Rush Services','Private Limited Company','Logistics and Courier services','https://www.data-rush.com',1,0,0,0),(71,'Fargo Courier','Private Limited Company','Logistics and Courier services','https://www.fargocourier.co.ke',1,1,0,0),(72,'Offshore Global Logistics','Private Limited Company','Logistics and Courier services','https://offshoreafrica.org',1,1,1,0),(73,'Ufanisi Courier Services','Private Limited Company','Logistics and Courier services','https://www.ufanisicourier.co.ke',1,0,0,0),(74,'Empire Logistics Services','Private Limited Company','Logistics and Courier services','https://empirelogistics.co.ke',1,0,0,0),(75,'Speedball Courier Services','Private Limited Company','Logistics and Courier services','https://www.speedball.ecourservice.com',1,0,0,0),(76,'Kisa Logistics Ltd','Private Limited Company','Logistics and Courier services','https://kisalogistics.com',1,0,0,0),(77,'Acceler Global Logistics','Private Limited Company','Logistics and Courier services','https://acceler.co.ke',1,1,0,0),(78,'Express Shipping & Logistics','Private Limited Company','Logistics and Courier services','https://www.esl-eastafrica.com/ke/homepage',1,1,0,0),(79,'Freight In Time','Private Limited Company','Logistics and Courier services','https://freightintime.com',1,1,1,1),(80,'Rolling Cargo','Private Limited Company','Logistics and Courier services','https://www.rollingcargo.co.ke',1,0,0,0),(81,'Golden Gate Cargo Services','Private Limited Company','Logistics and Courier services','https://goldengatecargoservices.com',1,0,0,0),(82,'Firstlane Logistics','Private Limited Company','Logistics and Courier services','https://www.firstlanelogistics.com',1,0,0,0),(83,'House and Homes agency','Private Limited Company','Real Estate Agencies','https://www.houseandhomes.co.ke',1,0,0,0),(84,'Buyrent kenya agency','Private Limited Company','Real Estate Agencies','https://www.buyrentkenya.com',1,0,0,0),(85,'Hayer One Group agency','Private Limited Company','Real Estate Agencies','https://hayerone.com',1,0,0,0),(86,'Kings developers agency','Private Limited Company','Real Estate Agencies','https://kingsdevelopers.com',1,0,0,0),(87,'Adwaa Alkhalil development','Private Limited Company','Real Estate Agencies','https://aad.ke',1,0,0,0),(88,'AMS Properties','Private Limited Company','Real Estate Agencies','https://amsproperties.com',1,0,0,0),(89,'Best link developers ltd','Private Limited Company','Real Estate Agencies','https://www.bestlinkdevelopers.com',1,0,0,0),(90,'Purple Dot','Private Limited Company','Real Estate Agencies','https://www.purpledotint.com',1,0,0,0),(91,'PDM holdings','Private Limited Company','Real Estate Agencies','https://pdmholdings.com',1,1,0,0),(92,'Coral properties','Private Limited Company','Real Estate Agencies','https://coralpi.com',1,0,0,0),(93,'Pam Golding','Private Limited Company','Real Estate Agencies','https://www.pamgolding.co.ke',1,0,0,0),(94,'GOInvest','Private Limited Company','Real Estate Agencies','https://goinvest.co.ke',1,0,0,0),(95,'FAPCL Property Agency','Private Limited Company','Real Estate Agencies','https://www.fapcl.com',1,0,0,0),(96,'Citiscape company','Private Limited Company','Real Estate Agencies','https://www.citiscapevaluers.com',1,0,0,0),(97,'Highway Properties','Private Limited Company','Real Estate Agencies','https://highwayproperties.co.ke',1,0,0,0),(98,'Target Homes','Private Limited Company','Real Estate Agencies','https://targethomes.co.ke',1,0,0,0),(99,'HassConsult','Private Limited Company','Real Estate Agencies','https://www.hassconsult.com',1,0,0,0),(100,'Saif Real Estate','Private Limited Company','Real Estate Agencies','https://saifproperties.com',1,0,0,0),(101,'Ace Realtors limited','Private Limited Company','Real Estate Agencies','https://www.acerealtorsltd.com',1,0,0,0),(102,'Dunhill Consulting Limited','Private Limited Company','Real Estate Agencies','https://www.dunhillconsulting.com',1,0,0,0),(103,'Ryden international','Private Limited Company','Real Estate Agencies','https://www.ryden.co.ke',1,0,0,0),(104,'Oxford gate real estate','Private Limited Company','Real Estate Agencies','https://www.ogre.co.ke',1,0,0,0),(105,'Caanan properties','Private Limited Company','Real Estate Agencies','https://www.canaanproperties.co.ke',1,0,0,0),(106,'Real Management','Private Limited Company','Real Estate Agencies','https://www.real.co.ke',1,0,0,0),(107,'GNA Real Estate','Private Limited Company','Real Estate Agencies','https://gna.co.ke',1,0,0,0),(108,'Langata Link','Private Limited Company','Real Estate Agencies','https://langatalinkrealestate.com',1,0,0,0),(109,'Eloi Developers','Private Limited Company','Real Estate Agencies','https://eloidevelopers.co.ke',1,0,0,0),(110,'Madaraka Homes Ltd','Private Limited Company','Real Estate Agencies','https://madarakahomes.co.ke',1,0,0,0),(111,'Halifax Estate Agency Limited','Private Limited Company','Real Estate Agencies','https://halifaxestate.com',1,0,0,0),(112,'Royalty Homes Kenya','Private Limited Company','Real Estate Agencies','https://royaltyhomeskenya.com',1,0,0,0);
/*!40000 ALTER TABLE `companies` ENABLE KEYS */;
UNLOCK TABLES;

--
-- Table structure for table `country_contacts`
--

DROP TABLE IF EXISTS `country_contacts`;
/*!40101 SET @saved_cs_client     = @@character_set_client */;
/*!50503 SET character_set_client = utf8mb4 */;
CREATE TABLE `country_contacts` (
  `id` int NOT NULL AUTO_INCREMENT,
  `company_id` int NOT NULL,
  `country` enum('kenya','uganda','tanzania','rwanda') NOT NULL,
  `responsible_person` varchar(255) DEFAULT NULL,
  `company_email` varchar(255) DEFAULT NULL,
  `company_phone` varchar(50) DEFAULT NULL,
  `responsible_phone` varchar(50) DEFAULT NULL,
  `responsible_email` varchar(255) DEFAULT NULL,
  PRIMARY KEY (`id`),
  UNIQUE KEY `unique_company_country` (`company_id`,`country`),
  CONSTRAINT `country_contacts_ibfk_1` FOREIGN KEY (`company_id`) REFERENCES `companies` (`id`) ON DELETE CASCADE
) ENGINE=InnoDB AUTO_INCREMENT=172 DEFAULT CHARSET=utf8mb4 COLLATE=utf8mb4_0900_ai_ci;
/*!40101 SET character_set_client = @saved_cs_client */;

--
-- Dumping data for table `country_contacts`
--

LOCK TABLES `country_contacts` WRITE;
/*!40000 ALTER TABLE `country_contacts` DISABLE KEYS */;
INSERT INTO `country_contacts` VALUES (1,1,'kenya','Dennis Mwaura','dennismwaura.dm@gmail.com','+254740322691','+254740322691','dennismwaura.dm@gmail.com'),(2,1,'uganda','Dennis Mwaura','uganda@denriafrica.com','+256740322691','+256740322691','dennis.ug@denriafrica.com'),(3,1,'tanzania','Dennis Mwaura','tanzania@denriafrica.com','+255740322691','+255740322691','dennis.tz@denriafrica.com'),(5,3,'kenya','Watiri Melvin','betransms@gmail.com','+254740700000','+254740700000','betransms@gmail.com'),(18,9,'uganda','Paul Kavuma','generalinfo@jubileeallianz.co.ug','+256 414 311 701','+256 414 311 701','generalinfo@jubileeallianz.co.ug'),(19,9,'kenya','Sylvester Nzioka','talk2us@allianz.com','+254 709 949 000','+254 709 949 000','talk2us@allianz.com'),(20,9,'tanzania','Jaideep Goel','enquiry@jubileetanzania.co.tz','+255 222 135 121','+255 222 135 121','enquiry@jubileetanzania.co.tz'),(29,13,'kenya','Ashok K. Shah','info@apainsurance.org','+254 709 912 777','+254 202 862 000','info@apainsurance.org'),(30,13,'uganda','Mr. Manan Desai','apa.uganda@apainsurance.org','+256 200 841 000','+256 200 841 000','apa.uganda@apainsurance.org'),(31,13,'tanzania','Mr. Ravi Shankar','info@reliance.co.tz','+255 222 112 870','+255 222 112 870','info@reliance.co.tz'),(32,14,'kenya','Mr. Tom Gitogo','info@britam.com','+254 703 094 000','+254 703 094 000','info@britam.com'),(33,14,'uganda','Mr. Allan Steven Mafabi','britamuganda@britam.com','+256 312 305 600','+256 312 305 600','allanmashry@gmail.com'),(34,14,'tanzania','Mr. Farai Dogo','info@britam.com','+255 222 138 058','+255 222 138 058','info@britam.com'),(35,14,'rwanda','Mr. Andrew Kulayige','rwanda@britam.com','+250 252 579 031','+250 252 579 031','rwanda@britam.com'),(36,15,'kenya','Mr. Fred Ruoro','callc@cic.co.ke','+254 703 099 120','+254 703 099 120','callc@cic.co.ke'),(37,15,'uganda','Mr. Nicholas Lutakome','cic@ug.cicinsurancegroup.com','+256 200 900 100','+256 200 900 100','cic@ug.cicinsurancegroup.com'),(38,16,'uganda','Juliet Senninde Nakitende','excelins@exico.co.ug','+256 414 348 595','+256 414 348 595','excelins@exico.co.ug'),(39,17,'uganda','Mr. Emmanuel Louis','fico@fico.co.ug','+256 414 342 863','+256 414 342 863','fico@fico.co.ug'),(40,18,'kenya','Mr. Madhav Kumar','info@gakenya.com','+254 709 626 000','+254 709 626 000','info@gakenya.com'),(41,18,'uganda','Mr. Francis Kamau','info@gauganda.com','+256 414 232 995','+256 414 232 995','info@gauganda.com'),(42,18,'tanzania','Amit Srivastava','info@gatanzania.co.tz','+255 699 177 400','+255 699 177 400','info@gatanzania.co.tz'),(43,19,'uganda','John Kawuma','goldstar@goldstarinsurance.com','+256 414 250 110','+256 414 250 110','goldstar@goldstarinsurance.com'),(44,20,'kenya','Philip Lopokoiyit','info@icealion.com','+254 719 071 999','+254 719 071 999','info@icealion.com'),(45,20,'uganda','Ambrose Kibuuka','contactcentre@icea.co.ug','+256 200 432 701','+256 200 432 701','contactcentre@icea.co.ug'),(46,20,'tanzania','Dr. Obura','insurance@icealion.co.tz','+255 222 774 999','+255 222 774 999','insurance@icealion.co.tz'),(47,21,'kenya','Joshua Chiira','info@mayfair.co.ke','+254 202 999 000','+254 202 999 000','info@mayfair.co.ke'),(48,21,'uganda','Rudra Deva','info@mayfair.co.ug','+256 312 181 950','+256 312 181 950','info@mayfair.co.ug'),(49,21,'tanzania','Sanjay K. Singh','info@mayfair.co.tz','+255 222 922 337','+255 222 922 337','info@mayfair.co.tz'),(50,21,'rwanda','Ms. Igoma Jessica','info@mayfair.co.rw','+250 788 381 844','+250 788 381 844','info@mayfair.co.rw'),(51,22,'kenya','Bertrand Casteres','infoke@mua.co.ke','+254 732 178 000','+254 732 178 000','infoke@mua.co.ke'),(52,22,'uganda','Mr. Latimer Mukasa','infoug@mua.co.ug','+256 414 349 659','+256 414 349 659','infoug@mua.co.ug'),(53,22,'tanzania','Jérôme Katz','infotz@phoenix-assurance.com','+255 699 990 900','+255 699 990 900','infotz@phoenix-assurance.com'),(54,22,'rwanda','Konde Bugingo','info@mua.rw','+250 788 125 024','+250 788 125 024','info@mua.rw'),(55,23,'uganda','Mr. Elias Edu','nic@nic.co.ug','+256 417 119 900','+256 417 119 900','nic@nic.co.ug'),(56,24,'uganda','John Ssempeera','info@paxinsurance.co.ug','+256 414 233 096','+256 414 233 096','info@paxinsurance.co.ug'),(57,25,'kenya','Patrick Tumbo','info@sanlam.co.ke','+254 202 781 000','+254 202 781 000','info@sanlam.co.ke'),(58,25,'uganda','Ms Ruth Namuli','info@sanlam.co.ug','+256 414 348 289','+256 414 348 289','info@sanlam.co.ug'),(59,25,'tanzania','Khamis Suleiman','info@sanlamgeneralinsurance.co.tz','+255 222 120 188','+255 222 120 188','info@sanlamgeneralinsurance.co.tz'),(60,26,'uganda','Joseph W. Kiwanuka','swico@swico.co.ug','+256 414 345 996','+256 414 345 996','swico@swico.co.ug'),(61,27,'kenya','Sylvester Nzioka','talk2us@allianz.com','+254 709 566 000','+254 709 566 000','talk2us@allianz.com'),(62,27,'uganda','Paul Kavuma','talk2us@allianz.com','+256 414 311 701','+256 414 311 701','talk2us@allianz.com'),(63,27,'tanzania','Jaideep Goel','enquiry@jubileetanzania.co.tz','+255 222 135 121','+255 222 135 121','enquiry@jubileetanzania.co.tz'),(64,28,'kenya','Patrick Nyaga','callc@cic.co.ke','+254 703 099 120','+254 703 099 120','callc@cic.co.ke'),(65,28,'uganda','Yasin Abubaker','cic@ug.cicinsurancegroup.com','+256 759 697 183','+256 759 697 183','cic@ug.cicinsurancegroup.com'),(66,29,'tanzania','Julius Ruwaichi','customersupport@smfb.co.tz','+255 746 985 840','+255 659 074 000','customersupport@smfb.co.tz'),(67,30,'kenya','Reuben Mwaura','info@visionfundkenya.co.ke','+254 706 200 555','+254 706 200 555','info@visionfundkenya.co.ke'),(68,30,'uganda','Mercy Sande Ainomugisha','vfu_info@visionfund.org','+256 393 202 786','+256 393 202 786','vfu_info@visionfund.org'),(69,30,'tanzania','Chilala Hakooma','info@vftz.co.tz','+255 272 548 218','+255 272 548 218','info@vftz.co.tz'),(70,30,'rwanda','Grace Dushimimana','info@vfcrwanda.rw','+250 788 388 213','+250 788 388 213','info@vfcrwanda.rw'),(71,31,'uganda','James Onyutta','UG_CustomerSupport@fincaug.org','+256 800 262 262','+256 772 429 904','UG_CustomerSupport@fincaug.org'),(72,31,'tanzania','Edward Talawa','info@finca.co.tz','+255 222 212 200','+255 222 212 200','info@finca.co.tz'),(73,32,'kenya','David Mukaru','info@caritas-mfb.co.ke','+254 729 986 331','+254 205 151 500','info@caritas-mfb.co.ke'),(74,33,'kenya','Reuben Mwangi','info@century.co.ke','+254 722 168 721','+254 202 664 282','info@century.co.ke'),(75,34,'kenya','Bonface Isinta Ombui','info@choicemfb.com','+254 736 662 218','+254 203 882 206','info@choicemfb.com'),(76,35,'kenya','Jane Mwangi','daraja@darajabank.co.ke','+254 733 988 888','+254 203 879 995','daraja@darajabank.co.ke'),(77,36,'kenya','Julius Ouma','info@faulukenya.com','+254 203 872 183','+254 203 877 290','info@faulukenya.com'),(78,37,'kenya','Benson Kariuki','info@kwftbank.com','+254 730 167 700','+254 703 067 700','info@kwftbank.com'),(79,38,'kenya','Joseph Njuguna','info@rafiki.co.ke','+254 730 170 000','+254 711 073 000','info@rafiki.co.ke'),(80,39,'kenya','Gregory Siro','info@lolckenya.co.ke','+254 733 553 555','+254 733 553 555','info@lolckenya.co.ke'),(81,40,'kenya','Simon Mwangi Ngigi','info@uni-microfinance.co.ke','+254 20 2367288','+254 713 112 791','info@uni-microfinance.co.ke'),(82,41,'kenya','Symon Kamore','customercare@smep.co.ke','+254 736 118 723','+254 711 606 900','customercare@smep.co.ke'),(83,42,'kenya','John Njihia','info@sumacmicrofinancebank.co.ke','+254 111 029 000','+254 111 029 000','info@sumacmicrofinancebank.co.ke'),(84,43,'kenya','Edward K. Mwithalii','info@uwezomfbank.com','+254 703 591 302','+254 703 591 302','info@uwezomfbank.com'),(85,44,'kenya','Joy Murithi','info@muunganomfbank.co.ke','+254 706 974 343','+254 706 974 747','info@muunganomfbank.co.ke'),(86,45,'uganda','Japhet Aritho','info@airtel.co.ug','+256 705 100 100','+256 705 100 100','info@airtel.co.ug'),(87,46,'uganda','Sylvia Karungi','info@micropay.co.ug','+256 760 009 339','+256 760 009 339','info@micropay.co.ug'),(88,47,'uganda','Edith G. Kutesa','info@mcash.ug','+256 800 100 166','+256 800 100 166','info@mcash.ug'),(89,48,'kenya','Elizabeth Wasunna','clientservice.ke@aar-healthcare.com','+254 730 655 000','+254 709 701 000','clientservice.ke@aar-healthcare.com'),(90,48,'uganda','Agasha Leonor Trubish','customercare.ug@aar-healthcare.com','+256 485 660 120','+256 716 166 999','customercare.ug@aar-healthcare.com'),(91,48,'tanzania','Andrew Rowell','info.tz@aar-healthcare.com','+255 758 916 282','+255 758 916 282','info.tz@aar-healthcare.com'),(92,49,'kenya','Dr. Chege Macharia','cad@kijabehospital.org','+254 791 333 000','+254 709 728 200','execdir@kijabehospital.org'),(93,50,'kenya','Dr Tim Theuri','admin@khf.co.ke','+254 741 867 356','+254 702 249 853','admin@khf.co.ke'),(94,50,'uganda','Ms. Grace Ssali Kiwanuka','info@uhfug.com','+256 754 667 022','+256 754 667 022','info@uhfug.com'),(95,50,'tanzania','Dr. Samwel Ogillo','info@aphfta.org','+255 222 184 667','+255 222 184 508','info@aphfta.org'),(96,51,'kenya','Dr. Paul Wekesa','info@chskenya.org','+254 732 710 079','+254 724 710 077','pwekesa@chskenya.org'),(97,52,'kenya',NULL,'info@cityhealth.co.ke','+254 204 408 298',NULL,NULL),(98,53,'kenya','Hannah Ndichu','info@comfyshc.com','+254 202 444 011','+254 704 298 014','info@comfyshc.com'),(99,54,'kenya','Mr. Navnit Singh Arora','info@gnrsh.co.ke','+254 722 203 884','+254 709 157 000','info@gnrsh.co.ke'),(100,55,'kenya','Mr. Derek Ndirangu','info@kmc.co.ke','+254 715 687 419','+254 715 687 419','info@kmc.co.ke'),(101,56,'kenya','Dr. Kagona Gitau','info@medswipeafrica.co.ke','+254 770 212 518','+254 770 212 518','info@medswipeafrica.co.ke'),(102,57,'kenya','Mr. Rukwaro Mathenge','info@mhg.co.ke','+254 709 572 057','+254 709 572 000','info@mhg.co.ke'),(103,58,'kenya','Mr. Khalid Ahmed','info@nutrisolutions.org','+254 723 078 228','+254 723 078 228','info@nutrisolutions.org'),(104,59,'kenya','Josephine Suleiman','olivelinkhealthcare@gmail.com','+254 701 107 300','+254 701 107 300','olivelinkhealthcare@gmail.com'),(105,60,'kenya','Charles Kariuki','info@premierhospital.org','+254 717 999 000','+254 717 999 000','info@premierhospital.org'),(106,61,'kenya','Mr. Benjamin Siele','customer.experience@tenwekhosp.org','+254 700 499 699','+254 700 499 699','customer.experience@tenwekhosp.org'),(107,62,'kenya','Dr. Sanjay pandey','info@lchafrica.com','+254 730 950 000','+254 730 950 000','Ceooffice@lchafrica.com'),(108,63,'kenya','Roy Bore','support@healthxafrica.com','+254 800 720 795',NULL,'support@healthxafrica.com'),(109,64,'kenya','Laurence Okelo','couriercs@ke.g4s.com','+254 711 042 000','+254 711 042 000','info@ke.g4s.com'),(110,64,'uganda','Mr. Allen Ssebugwawo','g4ssales.uganda@ug.g4s.com','+256 770 308 892','+256 414 250 256','g4s.info@ug.g4s.com'),(111,64,'tanzania','Imelda Lutebinga','info@tz.g4s.com','+255 754 222 062','+255 769 222 900','imelda.lutebinga@tz.g4s.com'),(112,65,'kenya','Esther Chiera','mail@leonary.co.ke','+254 716 571 013','+254 745 414 141','mail@leonary.co.ke'),(113,66,'kenya',NULL,'info@wepesi.ke','+254 786 532 445','+254 792 674 495','info@wepesi.ke'),(114,67,'kenya','Samuel Gitimbu','info@urbancargonetworks.com','+254 202 643 027','+254 732 675 474','info@urbancargonetworks.com'),(115,68,'kenya','Kenneth Matoka','info@smartboxcourier.com','+254 713 190 630','+254 713 190 630','kenneth@smartboxcourier.com'),(116,68,'tanzania','Kenneth Matoka','info@smartboxcourier.com','+254 713 190 630','+254 713 190 630','kenneth@smartboxcourier.com'),(117,69,'kenya','Benard Ogollah','info@codirectcourier.com','+254 722 889 925','+254 722 889 925','info@codirectcourier.com'),(118,69,'tanzania','Benard Ogollah','info@codirectcourier.com','+254 722 889 925','+254 722 889 925','info@codirectcourier.com'),(119,70,'kenya','Eva Njukia','courier@data-rush.com','+254 722 407 607','+254 722 407 607','courier@data-rush.com'),(120,71,'kenya','Richard Baudry','couriercsman@fargocourier.co.ke','+254 728 606 461','+254 703 077 000','couriercs@fargocourier.co.ke'),(121,71,'uganda','Richard Baudry','couriercsman@fargocourier.co.ke','+254 728 606 461','+254 703 077 000','couriercs@fargocourier.co.ke'),(122,72,'kenya','Nicholas Kaluma','sales@offshorelogistics.co.ke','+254 208 000 870','+254 110 522 245','sales@offshorelogistics.co.ke'),(123,72,'uganda','Nicholas Kaluma','sales@offshorelogistics.co.ke','+254 110 522 245','+254 110 522 245','sales@offshorelogistics.co.ke'),(124,72,'tanzania','Nicholas Kaluma','sales@offshorelogistics.co.ke','+255 744 231 195','+255 744 231 195','sales@offshorelogistics.co.ke'),(125,73,'kenya','Lisa Maria Mayende','enquiries@ufanisicourier.co.ke','+254 202 592 115','+254 756 508 560','enquiries@ufanisicourier.co.ke'),(126,74,'kenya','Stanley Githaiga','info@empirelogistics.co.ke','+254 722 240 062','+254 710 846 201','md@empirelogistics.co.ke'),(127,75,'kenya','Victor Ouma','info@speedball.eecourservice.com','+254 741 555 222','+254 741 555 222','info@speedball.eecourservice.com'),(128,76,'kenya','Patrick Andayi','info@kisalogistics.com','+254 722 619 631','+254 722 619 631','info@kisalogistics.com'),(129,77,'kenya','Vincent Mwaniki','info@acceler.co.ke','+254 703 059 000','+254 703 059 000','info@acceler.co.ke'),(130,77,'uganda','Josiah Mumo','info@acceler.co.ug','+256 414 344 434','+256 772 446 606','info@acceler.co.ug'),(131,78,'kenya','Silvester kututa','sales@esl-eastafrica.com','+254 412 229 784','+254 412 229 784','sales@esl-eastafrica.com'),(132,78,'uganda','Washington Wamburi','ug@esl-eastafrica.com','+256 200 988 811','+256 200 988 811','ug@esl-eastafrica.com'),(133,78,'tanzania','Esther Mbuya','dar@esl-eastafrica.com','+255 222 132 925','+255 222 132 925','dar@esl-eastafrica.com'),(134,79,'kenya','Vinesh Bhatti','fitsales@freight-in-time.com','+254 412 225 400','+254 412 225 400','fitsales@freight-in-time.com'),(135,79,'uganda','Dramon Smith','fitsales@freight-in-time.com','+256 759 794 766','+256 414 223 999','fitsales@freight-in-time.com'),(136,79,'tanzania','Said Mnyone','fitsales@freight-in-time.com','+255 222 123 164','+255 783 191 655','fitsales@freight-in-time.com'),(137,79,'rwanda','Narasimha Kollegal','fitsales@freight-in-time.com','+250 782 129 671','+250 782 129 671','fitsales@freight-in-time.com'),(138,80,'kenya','Mohammed Abdi','salesinquiries@rollingcargo.co.ke','+254 709 286 286','+254 709 286 286','salesinquiries@rollingcargo.co.ke'),(139,81,'kenya','Abdullahi Sheikh','sales@goldengatecargoservices.com','+254 722 826 258','+254 722 826 258','sales@goldengatecargoservices.com'),(140,82,'kenya','Boaz Owiti','info@firstlanelogistics.com','+254 788 309 344','+254 788 309 344','info@firstlanelogistics.com'),(141,83,'kenya','Loise Maingi','info@houseandhomes.co.ke','+254 799 448 800','+254 784 448 800','info@houseandhomes.co.ke'),(142,84,'kenya','Elizabeth Costabir','listings@buyrent.africa','+254 704 412 035','+254 202 307 051','info@buyrentkenya.com'),(143,85,'kenya','Mr. Chetan Hayer','info@hayerone.com','+254 110 090 909','+254 110 090 909','info@hayerone.com'),(144,86,'kenya','Charles Ayoro','sales@kingsdevelopers.com','+254 700 090 060','+254 700 090 060','sales@kingsdevelopers.com'),(145,87,'kenya','Moa\'taz Bin Saleh','sales@aad.ke','+254 704 191 919','+254 704 191 919','sales@aad.ke'),(146,88,'kenya','Rupen Samani','info@amsproperties.com','+254 715 267 267','+254 715 267 267','info@amsproperties.com'),(147,89,'kenya','James Ireri','info@bestlinkdevelopers.com','+254 111 203 203','+254 111 203 203','info@bestlinkdevelopers.com'),(148,90,'kenya','Jiten Kerai','info@purpledotint.com','+254 733 143 143','+254 733 143 143','info@purpledotint.com'),(149,91,'kenya','Peace Mavindu','info@pdmservices.co','+254 709 736 000','+254 709 736 000','info@pdmservices.co'),(150,91,'uganda','Apollo Kirunda','info@pdmuganda.com','+256 393 261 166','+256 393 261 166','info@pdmuganda.com'),(151,92,'kenya','Naimi Shah','info@coralpi.com','+254 710 891 028','+254 710 891 028','info@coralpi.com'),(152,93,'kenya','Kunaal Samani','nairobi@pamgolding.co.ke','+254 202 370 090','+254 202 370 090','nairobi@pamgolding.co.ke'),(153,94,'kenya','Jimmy Ngugi','info@goinvest.co.ke','+254 780 729 000','+254 780 729 000','info@goinvest.co.ke'),(154,95,'kenya','Martin dias','md@fapcl.com','+254 759 684 338','+254 722 524 383','md@fapcl.com'),(155,96,'kenya','Nelly K. Mbugua','info@citiscapevaluers.com','+254 707 252 525','+254 708 848 481','info@citiscapevaluers.com'),(156,97,'kenya',NULL,'Info@highwayproperties.co.ke','+254 729 123 777','+254 729 123 777','Info@highwayproperties.co.ke'),(157,98,'kenya','Phelix Ngaji','info@targethomes.co.ke','+254 782 596 856','+254 722 596 856','info@targethomes.co.ke'),(158,99,'kenya','Farhana Hassanali','hello@hassconsult.com','+254 709 479 000','+254 709 479 000','hello@hassconsult.com'),(159,100,'kenya','Ali mohamed','info@saifproperties.com','+254 728 000 002','+254 728 000 002','info@saifproperties.com'),(160,101,'kenya','Peter Hiuhu','info@acerealtorsltd.com','+254 735 338 835','+254 722 338 835','info@acerealtorsltd.com'),(161,102,'kenya','Nipool Shah','sales@dunhillconsulting.com','+254 786 386 445','+254 720 911 136','sales@dunhillconsulting.com'),(162,103,'kenya','Iain Illingworth','info@ryden.co.ke','+254 724 257 029','+254 203 866 746','info@ryden.co.ke'),(163,104,'kenya','Terry Odeny','sales@ogre.co.ke','+254 716 666 774','+254 716 666 774','sales@ogre.co.ke'),(164,105,'kenya','Lawrence Mosa','nfo@canaanproperties.org','+254 735 191 732','+254 700 486 927','nfo@canaanproperties.org'),(165,106,'kenya','Karan Sanghani','info@real.co.ke','+254 738 400 400','+254 722 341 111','info@real.co.ke'),(166,107,'kenya','K. Bessy','gna.co.ke@gmail.com','+254 782 406 060','+254 712 406 060','support@gna.co.ke'),(167,108,'kenya','Neil McRae','realestate@langatalink.com','+254 721 556 031','+254 721 556 031','neil@langatalink.com'),(168,109,'kenya','Angie Muchiri','info@eloidevelopers.co.ke','+254 792 030 009','+254 792 030 009','info@eloidevelopers.co.ke'),(169,110,'kenya','Ken Mugoh','info@madarakahomes.co.ke','+254 726 202 876','+254 726 202 876','info@madarakahomes.co.ke'),(170,111,'kenya','Kunal Pattni','info@halifaxestate.com','+254 799 519 582','+254 799 519 582','info@halifaxestate.com'),(171,112,'kenya','Roy Maina','info@royaltyhomeskenya.com','+254 798 254 254','+254 798 254 254','info@royaltyhomeskenya.com');
/*!40000 ALTER TABLE `country_contacts` ENABLE KEYS */;
UNLOCK TABLES;

--
-- Table structure for table `users`
--

DROP TABLE IF EXISTS `users`;
/*!40101 SET @saved_cs_client     = @@character_set_client */;
/*!50503 SET character_set_client = utf8mb4 */;
CREATE TABLE `users` (
  `id` int NOT NULL AUTO_INCREMENT,
  `username` varchar(255) NOT NULL,
  `password` varchar(255) NOT NULL,
  `role` enum('viewer','editor') NOT NULL,
  `created_at` timestamp NULL DEFAULT CURRENT_TIMESTAMP,
  PRIMARY KEY (`id`),
  UNIQUE KEY `username` (`username`)
) ENGINE=InnoDB AUTO_INCREMENT=3 DEFAULT CHARSET=utf8mb4 COLLATE=utf8mb4_0900_ai_ci;
/*!40101 SET character_set_client = @saved_cs_client */;

--
-- Dumping data for table `users`
--

LOCK TABLES `users` WRITE;
/*!40000 ALTER TABLE `users` DISABLE KEYS */;
INSERT INTO `users` VALUES (1,'Administrator','$2b$10$n.gXd1X/7F0x.cnbl7/MEOBv0JxOzgsmZciTkVE4jw654EwhWx98G','editor','2025-06-16 06:42:47'),(2,'Support','$2b$10$T1rg8za0a2iTKDtisxamxupWV0A8mdgWl.YuZsBydwcPrh7Xqxdoi','viewer','2025-06-16 07:26:55');
/*!40000 ALTER TABLE `users` ENABLE KEYS */;
UNLOCK TABLES;
/*!40103 SET TIME_ZONE=@OLD_TIME_ZONE */;

/*!40101 SET SQL_MODE=@OLD_SQL_MODE */;
/*!40014 SET FOREIGN_KEY_CHECKS=@OLD_FOREIGN_KEY_CHECKS */;
/*!40014 SET UNIQUE_CHECKS=@OLD_UNIQUE_CHECKS */;
/*!40101 SET CHARACTER_SET_CLIENT=@OLD_CHARACTER_SET_CLIENT */;
/*!40101 SET CHARACTER_SET_RESULTS=@OLD_CHARACTER_SET_RESULTS */;
/*!40101 SET COLLATION_CONNECTION=@OLD_COLLATION_CONNECTION */;
/*!40111 SET SQL_NOTES=@OLD_SQL_NOTES */;

-- Dump completed on 2025-07-08 21:35:38
